{
  "mean_reward": -0.7000000134110451,
  "std_reward": 0.4,
  "mean_length": 179.3,
  "std_length": 80.45626140953853,
  "episode_rewards": [
    0.09999998658895493,
    -0.9000000134110451,
    -0.9000000134110451,
    -0.9000000134110451,
    -0.9000000134110451,
    -0.9000000134110451,
    0.09999998658895493,
    -0.9000000134110451,
    -0.9000000134110451,
    -0.9000000134110451
  ],
  "episode_lengths": [
    379,
    201,
    148,
    175,
    159,
    159,
    161,
    31,
    189,
    191
  ],
  "achievement_unlock_rates": {
    "make_stone_sword": 0.0,
    "collect_stone": 0.0,
    "collect_diamond": 0.0,
    "collect_iron": 0.0,
    "collect_sapling": 0.0,
    "make_wood_sword": 0.0,
    "place_plant": 0.0,
    "defeat_zombie": 0.0,
    "make_iron_pickaxe": 0.0,
    "collect_drink": 0.0,
    "make_iron_sword": 0.0,
    "place_table": 0.0,
    "collect_wood": 0.0,
    "eat_cow": 0.0,
    "make_stone_pickaxe": 0.0,
    "wake_up": 0.2,
    "eat_plant": 0.0,
    "place_furnace": 0.0,
    "defeat_skeleton": 0.0,
    "make_wood_pickaxe": 0.0,
    "place_stone": 0.0,
    "collect_coal": 0.0
  },
  "geometric_mean": 3.263496728113032e-12
}