#{"t_start": 1761665761.8017385, "env_id": "CrafterReward-v1"}
r,l,t
0.1,379,2.256573
-0.9,201,3.599746
-0.9,148,4.73115
-0.9,175,6.068813
-0.9,159,7.260237
-0.9,159,8.366593
0.1,161,9.518405
-0.9,31,9.929071
-0.9,189,11.414374
-0.9,191,12.672642
