{
  "mean_reward": -0.9000000135600567,
  "std_reward": 1.0430812835693365e-09,
  "mean_length": 175.38,
  "std_length": 39.54283247315498,
  "episode_rewards": [
    -0.9000000134110451,
    -0.9000000134110451,
    -0.9000000134110451,
    -0.9000000134110451,
    -0.9000000134110451,
    -0.9000000134110451,
    -0.9000000134110451,
    -0.9000000134110451,
    -0.9000000134110451,
    -0.9000000134110451,
    -0.9000000134110451,
    -0.9000000134110451,
    -0.9000000134110451,
    -0.9000000134110451,
    -0.9000000134110451,
    -0.9000000134110451,
    -0.9000000134110451,
    -0.9000000134110451,
    -0.9000000134110451,
    -0.9000000134110451,
    -0.9000000134110451,
    -0.9000000134110451,
    -0.9000000208616257,
    -0.9000000134110451,
    -0.9000000134110451,
    -0.9000000134110451,
    -0.9000000134110451,
    -0.9000000134110451,
    -0.9000000134110451,
    -0.9000000134110451,
    -0.9000000134110451,
    -0.9000000134110451,
    -0.9000000134110451,
    -0.9000000134110451,
    -0.9000000134110451,
    -0.9000000134110451,
    -0.9000000134110451,
    -0.9000000134110451,
    -0.9000000134110451,
    -0.9000000134110451,
    -0.9000000134110451,
    -0.9000000134110451,
    -0.9000000134110451,
    -0.9000000134110451,
    -0.9000000134110451,
    -0.9000000134110451,
    -0.9000000134110451,
    -0.9000000134110451,
    -0.9000000134110451,
    -0.9000000134110451
  ],
  "episode_lengths": [
    210,
    148,
    159,
    245,
    200,
    215,
    176,
    175,
    212,
    164,
    73,
    199,
    56,
    126,
    164,
    163,
    172,
    185,
    152,
    165,
    190,
    174,
    202,
    215,
    184,
    162,
    163,
    155,
    228,
    202,
    201,
    162,
    190,
    154,
    175,
    174,
    338,
    165,
    158,
    154,
    153,
    168,
    151,
    190,
    154,
    156,
    168,
    198,
    160,
    166
  ],
  "achievement_unlock_rates": {
    "eat_cow": 0.0,
    "place_table": 0.0,
    "collect_wood": 0.0,
    "collect_diamond": 0.0,
    "make_stone_pickaxe": 0.0,
    "collect_coal": 0.0,
    "make_iron_sword": 0.0,
    "defeat_skeleton": 0.0,
    "collect_stone": 0.0,
    "make_wood_pickaxe": 0.0,
    "collect_iron": 0.0,
    "place_furnace": 0.0,
    "collect_sapling": 0.0,
    "wake_up": 0.0,
    "place_stone": 0.0,
    "place_plant": 0.0,
    "eat_plant": 0.0,
    "make_iron_pickaxe": 0.0,
    "make_wood_sword": 0.0,
    "collect_drink": 0.0,
    "defeat_zombie": 0.0,
    "make_stone_sword": 0.0
  },
  "geometric_mean": 1.000000000000001e-12
}